"group_id","category","field","raw_value","normalized_raw_value","current_normalized_value","occurrence_count","candidate_canonical_value","candidate_rationale","candidate_confidence","ambiguity","approval_status","accepted_mapping","source_references"
"65111ADFCE8F97272CA4F8494B3AC18181C996ADCE0EE4FF48C750AB862833FF","DATE_AFTER_AS_OF_WINDOW","DeliveryDate","49555","49555","49555","28","","The parsed date exceeds the workbook as-of plus seven-day window; no corrected date is invented.","none","True","pending","","1.Rau:1809; 1.Rau:1810; 1.Rau:1811; 1.Rau:1812; 1.Rau:1813; 1.Rau:1814; 1.Rau:1815; 1.Rau:1816; 1.Rau:1817; 1.Rau:1818; 1.Rau:1819; 1.Rau:1820; 1.Rau:1821; 1.Rau:1822; 1.Rau:1823; 1.Rau:1824; 1.Rau:1825; 1.Rau:1826; 1.Rau:1827; 1.Rau:1828; 1.Rau:1829; 1.Rau:1830; 1.Rau:1831; 1.Rau:1832; 1.Rau:1833; 1.Rau:1834; 1.Rau:1835; 1.Rau:1836"
"705209CCA983981A09C0D952CA526418B925E9BED65E3E05FCA4AA0A7EE064E5","DATE_INVALID","DeliveryDate","","",,"64","","The source date cannot be parsed deterministically; no corrected date is invented.","none","True","pending","","1.Rau:11658; 1.Rau:11659; 1.Rau:11660; 1.Rau:11661; 1.Rau:11662; 1.Rau:11663; 1.Rau:11664; 1.Rau:11665; 1.Rau:11666; 1.Rau:11667; 1.Rau:11668; 1.Rau:11669; 1.Rau:11670; 1.Rau:11671; 1.Rau:11672; 1.Rau:11673; 1.Rau:11674; 1.Rau:11675; 1.Rau:11676; 1.Rau:11677; 1.Rau:11678; 1.Rau:11679; 1.Rau:11680; 1.Rau:11681; 1.Rau:11682; 1.Rau:11683; 1.Rau:11684; 1.Rau:11685; 1.Rau:11686; 1.Rau:11687; 1.Rau:11688; 1.Rau:11689; 1.Rau:11690; 1.Rau:11691; 1.Rau:11692; 1.Rau:11693; 1.Rau:11694; 1.Rau:11695; 1.Rau:11696; 1.Rau:11697; 1.Rau:11698; 1.Rau:11699; 1.Rau:11700; 18. Tôm:152; 18. Tôm:174; 2.G.Vi:47654; 20.SC Lif:19; 20.SC Lif:20; 31.HỒNG DUY FOOD:9; 31.HỒNG DUY FOOD:10; 31.HỒNG DUY FOOD:11; 31.HỒNG DUY FOOD:12; 31.HỒNG DUY FOOD:13; 31.HỒNG DUY FOOD:14; 31.HỒNG DUY FOOD:15; 31.HỒNG DUY FOOD:16; 31.HỒNG DUY FOOD:17; 31.HỒNG DUY FOOD:18; 31.HỒNG DUY FOOD:19; 31.HỒNG DUY FOOD:20; 31.HỒNG DUY FOOD:21; 8.ĐL THÚY:32; 8.ĐL THÚY:33; 8.ĐL THÚY:34"
"24C20677972AC411126A4260F59C57BC2A3CE671EF318DACBDA8334B66FAAF16","DATE_INVALID","DeliveryDate","414797","414797",,"2","","The source date cannot be parsed deterministically; no corrected date is invented.","none","True","pending","","7.Tr.cây:67; 7.Tr.cây:68"
"60EEFC5AAB507E6DC25788A3FBF48AD2AE569CBBA30246C7C29429D1906BDD70","DATE_INVALID","DeliveryDate","414798","414798",,"1","","The source date cannot be parsed deterministically; no corrected date is invented.","none","True","pending","","7.Tr.cây:69"
"56CB5933BD92BC671BA27AC8BF07D8B4287469054F65F3E988AF3099BA11A737","INGREDIENT_CATALOG_AMBIGUOUS","Tên hàng","Ba ro","Ba ro","Ba ro","1","","The normalized ingredient does not resolve to exactly one active catalog record; canonical ingredient review is required.","none","True","pending","","1.Rau:10768"
"CD870CDAD06FE4A8D4C8343DD2CD987DD5EF6CA37D7A31F228A30A010FE28EEC","INGREDIENT_CATALOG_AMBIGUOUS","Tên hàng","Bánh tráng gói ram","Bánh tráng gói ram","Bánh tráng gói ram","1","","The normalized ingredient does not resolve to exactly one active catalog record; canonical ingredient review is required.","none","True","pending","","2.G.Vi:987"
"866821E238DA8078CA76E0C680FB719F3F06F85B0D0E97036C12DE2F5D609A7A","INGREDIENT_CATALOG_AMBIGUOUS","Tên hàng","Bì ngòi xanh","Bì ngòi xanh","Bì ngòi xanh","2","","The normalized ingredient does not resolve to exactly one active catalog record; canonical ingredient review is required.","none","True","pending","","1.Rau:11430; 1.Rau:11527"
"520DFDC77AF8BFB7F6809AE0326474FBCD8E4C36006CCD7D845EE54D31BCAEFC","INGREDIENT_CATALOG_AMBIGUOUS","Tên hàng","Bó đỏ non","Bó đỏ non","Bó đỏ non","1","","The normalized ingredient does not resolve to exactly one active catalog record; canonical ingredient review is required.","none","True","pending","","1.Rau:11583"
"CDAA02A15B056DE4D563DD430721EF6652E760B069E394B7D8629C55F250CEFD","INGREDIENT_CATALOG_AMBIGUOUS","Tên hàng","Bò vai","Bò vai","Bò vai","2","","The normalized ingredient does not resolve to exactly one active catalog record; canonical ingredient review is required.","none","True","pending","","16.ĐL S.Ngọc:262; 16.ĐL S.Ngọc:264"
"7FC3F357EB56AD37777ED3239D6E9F61FF4D02B23E669C448D9B5399A2D50BC4","INGREDIENT_CATALOG_AMBIGUOUS","Tên hàng","Bông cải xanh","Bông cải xanh","Bông cải xanh","2","","The normalized ingredient does not resolve to exactly one active catalog record; canonical ingredient review is required.","none","True","pending","","1.Rau:10559; 1.Rau:11481"
"41905210DB38421AFA21791AA091F9BB7740D60BE2FFD5DC6F7EE4FE532F44C3","INGREDIENT_CATALOG_AMBIGUOUS","Tên hàng","Bông lí","Bông lí","Bông lí","1","","The normalized ingredient does not resolve to exactly one active catalog record; canonical ingredient review is required.","none","True","pending","","1.Rau:9925"
"6B14FFEC2A8013A6183DFBDA5588674F72AE45344A876930388BA35CDF88C4C8","INGREDIENT_CATALOG_AMBIGUOUS","Tên hàng","Búp giò heo nạc- chặt ~112lát/16,5kg","Búp giò heo nạc- chặt ~112lát/16,5kg","Búp giò heo nạc- chặt ~112lát/16,5kg","1","","The normalized ingredient does not resolve to exactly one active catalog record; canonical ingredient review is required.","none","True","pending","","12.TS Dì Tài:1226"
"9BB549E8DC8F0F0D5FC85A4BF147DB9E6F6CDE751B83E082559BD08A0E80DDF1","INGREDIENT_CATALOG_AMBIGUOUS","Tên hàng","Cá cam 300-501","Cá cam 300-501","Cá cam 300-501","2","","The normalized ingredient does not resolve to exactly one active catalog record; canonical ingredient review is required.","none","True","pending","","16.ĐL S.Ngọc:276; 16.ĐL S.Ngọc:278"
"936FF2826EA3553326057360EEE36854508F71C478814B7EC5E36C9CC320D124","INGREDIENT_CATALOG_AMBIGUOUS","Tên hàng","Cải con","Cải con","Cải con","1","","The normalized ingredient does not resolve to exactly one active catalog record; canonical ingredient review is required.","none","True","pending","","1.Rau:11642"
"80013FF77B709BE44B33E5198EA0B1493BE64963FDF15221078CB2F98D8C958D","INGREDIENT_CATALOG_AMBIGUOUS","Tên hàng","Cảithiaf","Cảithiaf","Cảithiaf","1","","The normalized ingredient does not resolve to exactly one active catalog record; canonical ingredient review is required.","none","True","pending","","1.Rau:9691"
"2B7320C93063BA6B6634A4DDA976FAC78743B1A88E62813BFEB75624AE97D974","INGREDIENT_CATALOG_AMBIGUOUS","Tên hàng","Căn cuộn chay","Căn cuộn chay","Căn cuộn chay","2","","The normalized ingredient does not resolve to exactly one active catalog record; canonical ingredient review is required.","none","True","pending","","9.Chay:1181; 9.Chay:1197"
"8877DDDDCBE729757AB64C9DCC9120D2379CF7F6CC44BCF5FCAC89B9698352D2","INGREDIENT_CATALOG_AMBIGUOUS","Tên hàng","Chuối cây (ăn rau sống)","Chuối cây (ăn rau sống)","Chuối cây (ăn rau sống)","9","","The normalized ingredient does not resolve to exactly one active catalog record; canonical ingredient review is required.","none","True","pending","","1.Rau:3304; 1.Rau:3413; 1.Rau:3689; 1.Rau:3850; 1.Rau:10622; 1.Rau:10755; 1.Rau:10871; 1.Rau:11051; 1.Rau:11567"
"320BCEF4932D833AFAB3B17FE8534554CFDE69AAF7E64E6C539A3BFBD2C6E1C3","INGREDIENT_CATALOG_AMBIGUOUS","Tên hàng","Chuối cây trắng (ăn rau sống)","Chuối cây trắng (ăn rau sống)","Chuối cây trắng (ăn rau sống)","3","","The normalized ingredient does not resolve to exactly one active catalog record; canonical ingredient review is required.","none","True","pending","","1.Rau:3386; 1.Rau:3909; 1.Rau:4031"
"9C40232BA90605F4626DFB96BEA42831BC467C8CF48FA44E070B4FB61B9453E2","INGREDIENT_CATALOG_AMBIGUOUS","Tên hàng","Cốt lết cắt lát mỏng ( đập sẵn ~11lát/kg)","Cốt lết cắt lát mỏng ( đập sẵn ~11lát/kg)","Cốt lết cắt lát mỏng ( đập sẵn ~11lát/kg)","3","","The normalized ingredient does not resolve to exactly one active catalog record; canonical ingredient review is required.","none","True","pending","","12.TS Dì Tài:1064; 12.TS Dì Tài:1136; 12.TS Dì Tài:1209"
"38EFBF131DA630285499A6AE5F1CE441EC1DE18F3E653FFA42F744D980DAD1EB","INGREDIENT_CATALOG_AMBIGUOUS","Tên hàng","Cốt lết cắt lát mỏng đập sẵn ( 11-12lát/kg)","Cốt lết cắt lát mỏng đập sẵn ( 11-12lát/kg)","Cốt lết cắt lát mỏng đập sẵn ( 11-12lát/kg)","1","","The normalized ingredient does not resolve to exactly one active catalog record; canonical ingredient review is required.","none","True","pending","","12.TS Dì Tài:1055"
"3977CC538BFFCF132EBB5F960E55DA0AF6C278C02E578E119EAC08E892F5F00B","INGREDIENT_CATALOG_AMBIGUOUS","Tên hàng","Cốt lết cắt mỏng (~10lát/kg)","Cốt lết cắt mỏng (~10lát/kg)","Cốt lết cắt mỏng (~10lát/kg)","1","","The normalized ingredient does not resolve to exactly one active catalog record; canonical ingredient review is required.","none","True","pending","","12.TS Dì Tài:1156"
"7965BEFC8AEF4EFDACB269DC81CE8314D387B6E6CE64F64F6368B0F6576FA77C","INGREDIENT_CATALOG_AMBIGUOUS","Tên hàng","Cốt lết cắt sẵn ( cây nhỏ)","Cốt lết cắt sẵn ( cây nhỏ)","Cốt lết cắt sẵn ( cây nhỏ)","2","","The normalized ingredient does not resolve to exactly one active catalog record; canonical ingredient review is required.","none","True","pending","","11.ĐL TT:347; 11.ĐL TT:352"
"2DECFD47F36EADCAFB595939D128F0570584575A1C7C042D756CB66F76F3E4E5","INGREDIENT_CATALOG_AMBIGUOUS","Tên hàng","Cốt lết cây to cắt mỏng (~12lát/kg","Cốt lết cây to cắt mỏng (~12lát/kg","Cốt lết cây to cắt mỏng (~12lát/kg","1","","The normalized ingredient does not resolve to exactly one active catalog record; canonical ingredient review is required.","none","True","pending","","12.TS Dì Tài:1091"
"EA8BA534EBF2617DDA310CF30955060DF37950D104C06F2D9E997B9D96258FF4","INGREDIENT_CATALOG_AMBIGUOUS","Tên hàng","Cốt lết cây to cắt mỏng (~12lát/kg)","Cốt lết cây to cắt mỏng (~12lát/kg)","Cốt lết cây to cắt mỏng (~12lát/kg)","1","","The normalized ingredient does not resolve to exactly one active catalog record; canonical ingredient review is required.","none","True","pending","","12.TS Dì Tài:1111"
"3645B4C1D1208B2FF05ACE8E4D2E212D5C2E07FAF2B3DFA26D5C1EAD134A09DF","INGREDIENT_CATALOG_AMBIGUOUS","Tên hàng","Cốt lết tươi cắt sẵn ( 11lát/suất)","Cốt lết tươi cắt sẵn ( 11lát/suất)","Cốt lết tươi cắt sẵn ( 11lát/suất)","1","","The normalized ingredient does not resolve to exactly one active catalog record; canonical ingredient review is required.","none","True","pending","","12.TS Dì Tài:1178"
"4B23058222D8C206F61E3A3F710A1F2F0A3DDC54639C04620E0C095F9F8E39DF","INGREDIENT_CATALOG_AMBIGUOUS","Tên hàng","Đậu bắp ( lựa non)","Đậu bắp ( lựa non)","Đậu bắp ( lựa non)","1","","The normalized ingredient does not resolve to exactly one active catalog record; canonical ingredient review is required.","none","True","pending","","1.Rau:10172"
"11573CA58500FB227DE34137825B077ECF06B574741A5C614ADAB4979043F644","INGREDIENT_CATALOG_AMBIGUOUS","Tên hàng","Đậu chiên lát lớn","Đậu chiên lát lớn","Đậu chiên lát lớn","1","","The normalized ingredient does not resolve to exactly one active catalog record; canonical ingredient review is required.","none","True","pending","","9.Chay:1200"
"359B9D74C5397DA6AB4ED902ACD11407794492F9B787D5801BCD0781B3A8E28E","INGREDIENT_CATALOG_AMBIGUOUS","Tên hàng","Đậu khuôn chiên lớn","Đậu khuôn chiên lớn","Đậu khuôn chiên lớn","1","","The normalized ingredient does not resolve to exactly one active catalog record; canonical ingredient review is required.","none","True","pending","","9.Chay:1208"
"EBACD2D6B260D97B5534351CF48CB293F82C0BCE0B2F9907492FC929845FA6AF","INGREDIENT_CATALOG_AMBIGUOUS","Tên hàng","Đậu khuôn sống lấy nhỏ","Đậu khuôn sống lấy nhỏ","Đậu khuôn sống lấy nhỏ","1","","The normalized ingredient does not resolve to exactly one active catalog record; canonical ingredient review is required.","none","True","pending","","9.Chay:1123"
"433787F59F55FA84F567AB74DBF5D49901B03046A091B260AF5F61374FAE9849","INGREDIENT_CATALOG_AMBIGUOUS","Tên hàng","Dẻ sườn bò","Dẻ sườn bò","Dẻ sườn bò","2","","The normalized ingredient does not resolve to exactly one active catalog record; canonical ingredient review is required.","none","True","pending","","12.TS Dì Tài:1168; 12.TS Dì Tài:1175"
"3D8465C7B80CBA958FF0F1AB74FCBFCD62D02873DB5CDFB057B6CED77A412D66","INGREDIENT_CATALOG_AMBIGUOUS","Tên hàng","Diếp cá","Diếp cá","Diếp cá","2","","The normalized ingredient does not resolve to exactly one active catalog record; canonical ingredient review is required.","none","True","pending","","1.Rau:10514; 1.Rau:11653"
"D7EC8416082296CFFE4717883AEAAF18ACFDB448EB8B222E0B73838AF4061C87","INGREDIENT_CATALOG_AMBIGUOUS","Tên hàng","Đù gà chay","Đù gà chay","Đù gà chay","2","","The normalized ingredient does not resolve to exactly one active catalog record; canonical ingredient review is required.","none","True","pending","","9.Chay:1137; 9.Chay:1184"
"468A370022370899C85D45F823B60ABB7B88E413FEF08F5E1518328A97F25D47","INGREDIENT_CATALOG_AMBIGUOUS","Tên hàng","Đùi gà tỏi nhỏ","Đùi gà tỏi nhỏ","Đùi gà tỏi nhỏ","1","","The normalized ingredient does not resolve to exactly one active catalog record; canonical ingredient review is required.","none","True","pending","","11.ĐL TT:389"
"F6E446558691DD8728F740E0CA76012BAA8BFA0ED72F0832A57C70E0A2463E58","INGREDIENT_CATALOG_AMBIGUOUS","Tên hàng","Đùi má","Đùi má","Đùi má","2","","The normalized ingredient does not resolve to exactly one active catalog record; canonical ingredient review is required.","none","True","pending","","11.ĐL TT:342; 11.ĐL TT:344"
"5EA7A55B61950BD4586FFDB2B40FE59598896E7153A9400A24A3D4B65BC0283D","INGREDIENT_CATALOG_AMBIGUOUS","Tên hàng","Giò","Giò","Giò","2","","The normalized ingredient does not resolve to exactly one active catalog record; canonical ingredient review is required.","none","True","pending","","12.TS Dì Tài:1149; 12.TS Dì Tài:1215"
"398B1A06430E00E06891CC804863BC95B90D4F18151AD1287548C7EC9C1CEA71","INGREDIENT_CATALOG_AMBIGUOUS","Tên hàng","Heo đùi mông ( đặc tề sẵn)","Heo đùi mông ( đặc tề sẵn)","Heo đùi mông ( đặc tề sẵn)","2","","The normalized ingredient does not resolve to exactly one active catalog record; canonical ingredient review is required.","none","True","pending","","12.TS Dì Tài:1240; 12.TS Dì Tài:1246"
"4B8CC6307CB0877BFC135E9F9AE374BA60F0B3916496209FF739C1B2439E0AB6","INGREDIENT_CATALOG_AMBIGUOUS","Tên hàng","Heo đùi mông ( lựa miếng nạc, đặc tề sẵn)","Heo đùi mông ( lựa miếng nạc, đặc tề sẵn)","Heo đùi mông ( lựa miếng nạc, đặc tề sẵn)","2","","The normalized ingredient does not resolve to exactly one active catalog record; canonical ingredient review is required.","none","True","pending","","12.TS Dì Tài:989; 12.TS Dì Tài:1016"
"18AEF1D30F50E6FC222DBBFA3020A9A014F5CD7B1299FFDFC31258A70C83AFEE","INGREDIENT_CATALOG_AMBIGUOUS","Tên hàng","Heo đùi mông (tề sẵn)","Heo đùi mông (tề sẵn)","Heo đùi mông (tề sẵn)","1","","The normalized ingredient does not resolve to exactly one active catalog record; canonical ingredient review is required.","none","True","pending","","12.TS Dì Tài:289"
"5C90E05EA2ED810E1E170E6595208C6E42451F64A29081727313F068D5461A26","INGREDIENT_CATALOG_AMBIGUOUS","Tên hàng","Heo mỡ có da","Heo mỡ có da","Heo mỡ có da","2","","The normalized ingredient does not resolve to exactly one active catalog record; canonical ingredient review is required.","none","True","pending","","12.TS Dì Tài:1123; 12.TS Dì Tài:1157"
"7599F158304FB5C2145AE5C290C6CD5023EC8C10054A5FEE9CC0E6BDBC81AF6A","INGREDIENT_CATALOG_AMBIGUOUS","Tên hàng","Lá lót to ( để gói)","Lá lót to ( để gói)","Lá lót to ( để gói)","1","","The normalized ingredient does not resolve to exactly one active catalog record; canonical ingredient review is required.","none","True","pending","","1.Rau:10964"
"82008D5815559FB7AD9B36DC84FD7925A1E2C0D2B706448A93692221B7BC531B","INGREDIENT_CATALOG_AMBIGUOUS","Tên hàng","Lòng bò","Lòng bò","Lòng bò","3","","The normalized ingredient does not resolve to exactly one active catalog record; canonical ingredient review is required.","none","True","pending","","12.TS Dì Tài:1001; 12.TS Dì Tài:1071; 12.TS Dì Tài:1124"
"48F1471667B39E591728F0732EB116AA9FCA8E49842A4CF9EFFE2B545888463E","INGREDIENT_CATALOG_AMBIGUOUS","Tên hàng","Mắm nêm dì cẩn","Mắm nêm dì cẩn","Mắm nêm dì cẩn","6","","The normalized ingredient does not resolve to exactly one active catalog record; canonical ingredient review is required.","none","True","pending","","2.G.Vi:951; 2.G.Vi:985; 2.G.Vi:986; 2.G.Vi:1029; 2.G.Vi:1039; 2.G.Vi:1041"
"06353D65E2E840470F642BB3C55A4999049A1BB40AAEB56008702B15F9BA2F32","INGREDIENT_CATALOG_AMBIGUOUS","Tên hàng","Măng xắt","Măng xắt","Măng xắt","1","","The normalized ingredient does not resolve to exactly one active catalog record; canonical ingredient review is required.","none","True","pending","","1.Rau:10306"
"F362193D49E35D5E74581B722B3C3F08E106F11F3BCA1A8D3907DED2D2CDFCF4","INGREDIENT_CATALOG_AMBIGUOUS","Tên hàng","Mỡ","Mỡ","Mỡ","1","","The normalized ingredient does not resolve to exactly one active catalog record; canonical ingredient review is required.","none","True","pending","","12.TS Dì Tài:1217"
"D9A58EF2EC192178C60457CAE6EE7FF961EC0B67DDA1D0243C46AA64BB852092","INGREDIENT_CATALOG_AMBIGUOUS","Tên hàng","Mỡ đặc có da","Mỡ đặc có da","Mỡ đặc có da","1","","The normalized ingredient does not resolve to exactly one active catalog record; canonical ingredient review is required.","none","True","pending","","12.TS Dì Tài:1252"
"6D5EEB43C3214B9BDDD1DF736760FEBE6D778988EB89E36C84C9510BF3DA9450","INGREDIENT_CATALOG_AMBIGUOUS","Tên hàng","Nấm bào ngư","Nấm bào ngư","Nấm bào ngư","77","","The normalized ingredient does not resolve to exactly one active catalog record; canonical ingredient review is required.","none","True","pending","","1.Rau:7458; 1.Rau:7491; 1.Rau:7520; 1.Rau:7573; 1.Rau:7614; 1.Rau:7645; 1.Rau:7693; 1.Rau:7790; 1.Rau:7864; 1.Rau:7899; 1.Rau:7952; 1.Rau:8048; 1.Rau:8096; 1.Rau:8177; 1.Rau:8220; 1.Rau:8258; 1.Rau:8292; 1.Rau:8388; 1.Rau:8422; 1.Rau:8515; 1.Rau:8542; 1.Rau:8644; 1.Rau:8696; 1.Rau:8737; 1.Rau:8802; 1.Rau:8838; 1.Rau:9120; 1.Rau:9202; 1.Rau:9280; 1.Rau:9322; 1.Rau:9365; 1.Rau:9425; 1.Rau:9460; 1.Rau:9559; 1.Rau:9641; 1.Rau:9721; 1.Rau:9755; 1.Rau:9806; 1.Rau:9841; 1.Rau:9863; 1.Rau:9897; 1.Rau:9982; 1.Rau:10015; 1.Rau:10052; 1.Rau:10170; 1.Rau:10206; 1.Rau:10250; 1.Rau:10290; 1.Rau:10321; 1.Rau:10377; 1.Rau:10399; 1.Rau:10503; 1.Rau:10536; 1.Rau:10572; 1.Rau:10604; 1.Rau:10739; 1.Rau:10789; 1.Rau:10874; 1.Rau:10906; 1.Rau:10947; 1.Rau:10994; 1.Rau:11034; 1.Rau:11065; 1.Rau:11113; 1.Rau:11158; 1.Rau:11193; 1.Rau:11230; 1.Rau:11283; 1.Rau:11312; 1.Rau:11352; 1.Rau:11400; 1.Rau:11445; 1.Rau:11496; 1.Rau:11542; 1.Rau:11590; 9.Chay:978; 9.Chay:1185"
"3119F4D89AC3AF8D8348E6AAE8A25551C12CA6601D3B9CFA692859A6BF2767D6","INGREDIENT_CATALOG_AMBIGUOUS","Tên hàng","Nấm bào ngừ","Nấm bào ngừ","Nấm bào ngừ","2","","The normalized ingredient does not resolve to exactly one active catalog record; canonical ingredient review is required.","none","True","pending","","1.Rau:10133; 1.Rau:11565"
"4B27EB6EC6138A2E5411E4AFF498D92529E07B9E033569C87EC6BDCBD8E894C0","INGREDIENT_CATALOG_AMBIGUOUS","Tên hàng","Ớt chuông đỏ vàng","Ớt chuông đỏ vàng","Ớt chuông đỏ vàng","1","","The normalized ingredient does not resolve to exactly one active catalog record; canonical ingredient review is required.","none","True","pending","","1.Rau:11048"
"0AC3432B314265A1642555ABDBCB11FBD25EA0B3DE0E2BE9C8332052EF591C01","INGREDIENT_CATALOG_AMBIGUOUS","Tên hàng","Ớt chuông vàng xanh","Ớt chuông vàng xanh","Ớt chuông vàng xanh","1","","The normalized ingredient does not resolve to exactly one active catalog record; canonical ingredient review is required.","none","True","pending","","1.Rau:10420"
"8214CCD87868A684D2C2574B6FA98B80C5B863D0208C8D969AD077D7E566B863","INGREDIENT_CATALOG_AMBIGUOUS","Tên hàng","Ớt chuông xanh","Ớt chuông xanh","Ớt chuông xanh","2","","The normalized ingredient does not resolve to exactly one active catalog record; canonical ingredient review is required.","none","True","pending","","1.Rau:10746; 1.Rau:10832"
"CB7B401DCEB06D6E28481E092EE6F645AF9B7305082C19D72FFE476DBE4246FE","INGREDIENT_CATALOG_AMBIGUOUS","Tên hàng","Ớt chuông xanh đỏ","Ớt chuông xanh đỏ","Ớt chuông xanh đỏ","2","","The normalized ingredient does not resolve to exactly one active catalog record; canonical ingredient review is required.","none","True","pending","","1.Rau:11561; 1.Rau:11649"
"F1324027C5608ACCB0F1DEEFBCD3E96D5A289B3542E809D2C3F8F7E6AD56411B","INGREDIENT_CATALOG_AMBIGUOUS","Tên hàng","Pa ro","Pa ro","Pa ro","1","","The normalized ingredient does not resolve to exactly one active catalog record; canonical ingredient review is required.","none","True","pending","","1.Rau:9949"
"85694C27489EEC0ACE5A80B85808D899078E48279BCE6E9F8B03AB1D9AB9E15E","INGREDIENT_CATALOG_AMBIGUOUS","Tên hàng","Phúc chúc chay","Phúc chúc chay","Phúc chúc chay","1","","The normalized ingredient does not resolve to exactly one active catalog record; canonical ingredient review is required.","none","True","pending","","2.G.Vi:1050"
"4F4AEC793782C0CB409D4CCFFA667F9B158A5902F392F702C0EEF72DEEF0EA8A","INGREDIENT_CATALOG_AMBIGUOUS","Tên hàng","Rau củ thập cẩm","Rau củ thập cẩm","Rau củ thập cẩm","1","","The normalized ingredient does not resolve to exactly one active catalog record; canonical ingredient review is required.","none","True","pending","","1.Rau:11245"
"A0D41626CA6D8CCA6D162BBE575CBDDBC7F5339304D36A64A3C4A4857A151FBE","INGREDIENT_CATALOG_AMBIGUOUS","Tên hàng","Sườn dừa chay","Sườn dừa chay","Sườn dừa chay","1","","The normalized ingredient does not resolve to exactly one active catalog record; canonical ingredient review is required.","none","True","pending","","9.Chay:1199"
"26C2B37C4AD5FD3DAD5A2F4F7A6C3DCE60A9886B0FB88C14F6E734F887C6ED77","INGREDIENT_CATALOG_AMBIGUOUS","Tên hàng","Sườn heo pater","Sườn heo pater","Sườn heo pater","3","","The normalized ingredient does not resolve to exactly one active catalog record; canonical ingredient review is required.","none","True","pending","","11.ĐL TT:357; 11.ĐL TT:413; 11.ĐL TT:420"
"CAE11137F506DB3F87021720D60BCE4A63FF2882FC5C7498FD7C64DC14F8CED9","INGREDIENT_CATALOG_AMBIGUOUS","Tên hàng","Thăn bò","Thăn bò","Thăn bò","2","","The normalized ingredient does not resolve to exactly one active catalog record; canonical ingredient review is required.","none","True","pending","","12.TS Dì Tài:1216; 12.TS Dì Tài:1259"
"8192A6417AD8153B4F46C831C7AE7DD473344B6053C25BFF39F34A788C751D10","INGREDIENT_CATALOG_AMBIGUOUS","Tên hàng","Thịt bò dẻ sườn","Thịt bò dẻ sườn","Thịt bò dẻ sườn","1","","The normalized ingredient does not resolve to exactly one active catalog record; canonical ingredient review is required.","none","True","pending","","12.TS Dì Tài:1105"
"48C7CCD92C38AA81703D97659541A4A511A64A76BEDFF44C3E6188D36B5A6DB0","INGREDIENT_CATALOG_AMBIGUOUS","Tên hàng","Thịt mỡ đặc có da","Thịt mỡ đặc có da","Thịt mỡ đặc có da","2","","The normalized ingredient does not resolve to exactly one active catalog record; canonical ingredient review is required.","none","True","pending","","12.TS Dì Tài:1242; 12.TS Dì Tài:1266"
"CADC03D1B08D12079A3F83F03A026591D35DF0F54B04AF87C766C82D55F1EBC3","INGREDIENT_CATALOG_AMBIGUOUS","Tên hàng","Thịt mỡ tấm","Thịt mỡ tấm","Thịt mỡ tấm","1","","The normalized ingredient does not resolve to exactly one active catalog record; canonical ingredient review is required.","none","True","pending","","12.TS Dì Tài:1065"
"13484479E297B461F149029D49C520B24DAAAC9819E04880EE14BA2FE8ABE891","INGREDIENT_CATALOG_AMBIGUOUS","Tên hàng","Thịt mỡ tấm có da","Thịt mỡ tấm có da","Thịt mỡ tấm có da","1","","The normalized ingredient does not resolve to exactly one active catalog record; canonical ingredient review is required.","none","True","pending","","12.TS Dì Tài:1210"
"6B30E083A51270D57549BDFC35A1E4AFF571F00F53B842C3FCEEE41DFC147E2B","INGREDIENT_CATALOG_AMBIGUOUS","Tên hàng","Tỏi cánh gà","Tỏi cánh gà","Tỏi cánh gà","2","","The normalized ingredient does not resolve to exactly one active catalog record; canonical ingredient review is required.","none","True","pending","","11.ĐL TT:379; 11.ĐL TT:417"
"E109D3B5B4332237B5AB82F12FFF2313B5CA6A5FE2F2B890A4119CE3AD6DDB17","INGREDIENT_CATALOG_AMBIGUOUS","Tên hàng","Tương ớt chai","Tương ớt chai","Tương ớt chai","1","","The normalized ingredient does not resolve to exactly one active catalog record; canonical ingredient review is required.","none","True","pending","","2.G.Vi:1021"
"946EC9A80F863668DA768AE424453CBEAD50DD674C92375D4E1D82D09D167E9C","INGREDIENT_CATALOG_AMBIGUOUS","Tên hàng","Xương giá heo","Xương giá heo","Xương giá heo","1","","The normalized ingredient does not resolve to exactly one active catalog record; canonical ingredient review is required.","none","True","pending","","12.TS Dì Tài:1153"
"90A3154C3715D3DF7B3A7B53215F7D0E85778D1BDFF1C96973B5D7C7A5A569DF","INGREDIENT_CATALOG_AMBIGUOUS","Tên hàng","Xương heo- chặt cục nạc (17cục/2,5kg)","Xương heo- chặt cục nạc (17cục/2,5kg)","Xương heo- chặt cục nạc (17cục/2,5kg)","1","","The normalized ingredient does not resolve to exactly one active catalog record; canonical ingredient review is required.","none","True","pending","","12.TS Dì Tài:1236"
"28E47305C2C4A13C5A79C72D56BB63BD7ED93DFC1A74AA0F21F1DB6A4CFA4DCC","INGREDIENT_CATALOG_AMBIGUOUS","Tên hàng","Xương mềm ( có thịt)","Xương mềm ( có thịt)","Xương mềm ( có thịt)","1","","The normalized ingredient does not resolve to exactly one active catalog record; canonical ingredient review is required.","none","True","pending","","12.TS Dì Tài:970"
"8138DA38A1D8619E47EC82975929C7FD5F89C8EDBCFE0E100D3FF7070C9B97D6","INGREDIENT_CATALOG_AMBIGUOUS","Tên hàng","Xương mềm ( nhiều thịt)","Xương mềm ( nhiều thịt)","Xương mềm ( nhiều thịt)","1","","The normalized ingredient does not resolve to exactly one active catalog record; canonical ingredient review is required.","none","True","pending","","12.TS Dì Tài:1005"
"88CA611C6E132E8BF637F137E22DAD53E15F5BA84F5F6A2F18F2506043936EA3","INGREDIENT_CATALOG_AMBIGUOUS","Tên hàng","Xương mềm ( nhiều thịt)- 140 cục","Xương mềm ( nhiều thịt)- 140 cục","Xương mềm ( nhiều thịt)- 140 cục","1","","The normalized ingredient does not resolve to exactly one active catalog record; canonical ingredient review is required.","none","True","pending","","12.TS Dì Tài:1146"
"63BE34533E3B5906BFC6DE64DDF4F9C9AFCC7C193A11DC5B6E0B1154720E1A1F","INGREDIENT_CATALOG_AMBIGUOUS","Tên hàng","Xương mềm ( nhiều thịt)- 62cục","Xương mềm ( nhiều thịt)- 62cục","Xương mềm ( nhiều thịt)- 62cục","1","","The normalized ingredient does not resolve to exactly one active catalog record; canonical ingredient review is required.","none","True","pending","","12.TS Dì Tài:1116"
"060ED1C842BF7640A667B423506514CC282A4DCED102D8201FF7445B674D743B","INGREDIENT_CATALOG_AMBIGUOUS","Tên hàng","Xương mềm ( nhiều thịt)~88 lát","Xương mềm ( nhiều thịt)~88 lát","Xương mềm ( nhiều thịt)~88 lát","1","","The normalized ingredient does not resolve to exactly one active catalog record; canonical ingredient review is required.","none","True","pending","","12.TS Dì Tài:1030"
"2952E8544ABC31CF659EAF29A00840111142D556A1380A9B7EC519D33ABD5910","INGREDIENT_CATALOG_AMBIGUOUS","Tên hàng","Xương mềm, xươg đuôi","Xương mềm, xươg đuôi","Xương mềm, xươg đuôi","1","","The normalized ingredient does not resolve to exactly one active catalog record; canonical ingredient review is required.","none","True","pending","","12.TS Dì Tài:941"
"B8390EB58F5B20732700A4529CD28225D3A5C498F5CFDFF2FA1C9DB1C0322C45","INGREDIENT_MISSING","Ingredient","","",,"23","","The source ingredient cell is blank; no ingredient is inferred.","none","True","pending","","1.Rau:11700; 18. Tôm:152; 18. Tôm:174; 2.G.Vi:47654; 20.SC Lif:19; 20.SC Lif:20; 21.TH.Thái:507; 31.HỒNG DUY FOOD:9; 31.HỒNG DUY FOOD:10; 31.HỒNG DUY FOOD:11; 31.HỒNG DUY FOOD:12; 31.HỒNG DUY FOOD:13; 31.HỒNG DUY FOOD:14; 31.HỒNG DUY FOOD:15; 31.HỒNG DUY FOOD:16; 31.HỒNG DUY FOOD:17; 31.HỒNG DUY FOOD:18; 31.HỒNG DUY FOOD:19; 31.HỒNG DUY FOOD:20; 31.HỒNG DUY FOOD:21; 8.ĐL THÚY:32; 8.ĐL THÚY:33; 8.ĐL THÚY:34"
"64243A8F941B82246EE0073B644DAA65DEAB962874C5750A03D87D3BF8E68D17","INGREDIENT_SUPPLIER_AMBIGUOUS","Ingredient","Cá nục bông 200 - 400","Cá nục bông 200 - 400","Cá nục bông 200 - 400","1","","The ingredient appears to contain supplier text without an approved split mapping; no split is inferred.","none","True","pending","","11.ĐL TT:89"
"FB08A29BED4BDDE3F54ADB85360505E5AC5C095D8FE05AAF2CD87BACD6B28C80","INGREDIENT_SUPPLIER_AMBIGUOUS","Ingredient","Giò heo búp chặt sẵn (ko móng) - ~199lát/30kg","Giò heo búp chặt sẵn (ko móng) - ~199lát/30kg","Giò heo búp chặt sẵn (ko móng) - ~199lát/30kg","1","","The ingredient appears to contain supplier text without an approved split mapping; no split is inferred.","none","True","pending","","12.TS Dì Tài:1110"
"4BDC239740F8311FC772536E461978D78B9C106B3C33BFE7189319BAFB05C992","INGREDIENT_SUPPLIER_AMBIGUOUS","Ingredient","Giò heo búp chặt sẵn (ko móng) - ~54lát/8kg","Giò heo búp chặt sẵn (ko móng) - ~54lát/8kg","Giò heo búp chặt sẵn (ko móng) - ~54lát/8kg","1","","The ingredient appears to contain supplier text without an approved split mapping; no split is inferred.","none","True","pending","","12.TS Dì Tài:1085"
"86D1744CF9BD430CCA7EDA43114DD3C565DA173442C4ACD580BDABAB1426334F","INGREDIENT_SUPPLIER_AMBIGUOUS","Ingredient","Xương heo ( lựa nhiều thịt) - chặt ~212 lát/31,5kg","Xương heo ( lựa nhiều thịt) - chặt ~212 lát/31,5kg","Xương heo ( lựa nhiều thịt) - chặt ~212 lát/31,5kg","1","","The ingredient appears to contain supplier text without an approved split mapping; no split is inferred.","none","True","pending","","12.TS Dì Tài:1193"
"9BED26A3F11EC376D4A4EECFE5DF1C3C4E9109C7EE453BBF90067455306DC78C","UNIT_AMBIGUOUS","Unit","canh","canh","canh","3","","The policy explicitly marks this unit token ambiguous; an accepted unit must be supplied by review.","none","True","pending","","2.G.Vi:189; 2.G.Vi:194; 2.G.Vi:285"
"F1E82A1B1AAFB43BF5034B26C7FE992C6BBC5EA310D9E4B57B95C90C5F736659","UNIT_AMBIGUOUS","Unit","kh","kh","kh","1","","The policy explicitly marks this unit token ambiguous; an accepted unit must be supplied by review.","none","True","pending","","9.Chay:115"
"07FDC5FEAC959F6A8F35E5EAED87114451E90A4901F22F0CE0A4EA44558DCD74","UNIT_UNKNOWN","Unit","","","","68","","No allowed unit alias or package rule currently resolves this value; explicit unit/package review is required.","none","True","pending","","1.Rau:2038; 1.Rau:6804; 1.Rau:11700; 18. Tôm:152; 18. Tôm:174; 2.G.Vi:47654; 20.SC Lif:19; 20.SC Lif:20; 21.TH.Thái:5; 21.TH.Thái:7; 21.TH.Thái:9; 21.TH.Thái:10; 21.TH.Thái:17; 21.TH.Thái:28; 21.TH.Thái:35; 21.TH.Thái:55; 21.TH.Thái:78; 21.TH.Thái:79; 21.TH.Thái:95; 21.TH.Thái:118; 21.TH.Thái:126; 21.TH.Thái:146; 21.TH.Thái:172; 21.TH.Thái:178; 21.TH.Thái:180; 21.TH.Thái:245; 21.TH.Thái:274; 21.TH.Thái:277; 21.TH.Thái:283; 21.TH.Thái:322; 21.TH.Thái:325; 21.TH.Thái:328; 21.TH.Thái:330; 21.TH.Thái:333; 21.TH.Thái:340; 21.TH.Thái:341; 21.TH.Thái:342; 21.TH.Thái:347; 21.TH.Thái:369; 21.TH.Thái:409; 21.TH.Thái:441; 21.TH.Thái:507; 23. Vịt:8; 3.T.Hóa:100; 7.Tr.cây:30; 7.Tr.cây:60; 7.Tr.cây:71; 7.Tr.cây:76; 7.Tr.cây:97; 7.Tr.cây:111; 7.Tr.cây:130; 7.Tr.cây:142; 7.Tr.cây:158; 7.Tr.cây:170; 7.Tr.cây:186; 7.Tr.cây:201; 7.Tr.cây:250; 7.Tr.cây:306; 7.Tr.cây:309; 7.Tr.cây:319; 7.Tr.cây:327; 7.Tr.cây:338; 7.Tr.cây:362; 7.Tr.cây:407; 7.Tr.cây:428; 7.Tr.cây:439; 7.Tr.cây:454; 7.Tr.cây:468"
"F7045753A917890D4110CA6B72FBBAADA2B63A354BFBC390F3053766087C8AF4","UNIT_UNKNOWN","Unit","Bành","Bành","Bành","28","","No allowed unit alias or package rule currently resolves this value; explicit unit/package review is required.","none","True","pending","","2.G.Vi:176; 2.G.Vi:277; 2.G.Vi:366; 2.G.Vi:453; 2.G.Vi:503; 2.G.Vi:546; 2.G.Vi:571; 2.G.Vi:616; 2.G.Vi:633; 2.G.Vi:664; 2.G.Vi:703; 2.G.Vi:756; 2.G.Vi:792; 2.G.Vi:851; 2.G.Vi:895; 2.G.Vi:955; 2.G.Vi:1023; 2.G.Vi:1083; 22.Bao bì:4; 22.Bao bì:12; 22.Bao bì:17; 22.Bao bì:24; 22.Bao bì:40; 22.Bao bì:44; 22.Bao bì:47; 22.Bao bì:53; 22.Bao bì:55; 3.T.Hóa:9"
"8C91B5E9B07EA86E9D2109352FDB41008BCDBD4C4BDBE335E942A936A6913A61","UNIT_UNKNOWN","Unit","Bao","Bao","Bao","287","","No allowed unit alias or package rule currently resolves this value; explicit unit/package review is required.","none","True","pending","","2.G.Vi:21; 2.G.Vi:38; 2.G.Vi:59; 2.G.Vi:93; 2.G.Vi:110; 2.G.Vi:130; 2.G.Vi:146; 2.G.Vi:164; 2.G.Vi:184; 2.G.Vi:217; 2.G.Vi:236; 2.G.Vi:256; 2.G.Vi:278; 2.G.Vi:295; 2.G.Vi:319; 2.G.Vi:333; 2.G.Vi:358; 2.G.Vi:372; 2.G.Vi:394; 2.G.Vi:417; 2.G.Vi:439; 2.G.Vi:462; 2.G.Vi:485; 2.G.Vi:510; 2.G.Vi:521; 2.G.Vi:573; 2.G.Vi:604; 2.G.Vi:628; 2.G.Vi:645; 2.G.Vi:691; 2.G.Vi:710; 2.G.Vi:726; 2.G.Vi:755; 2.G.Vi:768; 2.G.Vi:782; 2.G.Vi:801; 2.G.Vi:826; 2.G.Vi:846; 2.G.Vi:861; 2.G.Vi:885; 2.G.Vi:902; 2.G.Vi:924; 2.G.Vi:945; 2.G.Vi:954; 2.G.Vi:961; 2.G.Vi:993; 2.G.Vi:1015; 2.G.Vi:1038; 2.G.Vi:1053; 2.G.Vi:1084; 21.TH.Thái:14; 21.TH.Thái:33; 21.TH.Thái:49; 21.TH.Thái:56; 21.TH.Thái:63; 21.TH.Thái:103; 21.TH.Thái:142; 21.TH.Thái:147; 21.TH.Thái:177; 21.TH.Thái:182; 21.TH.Thái:212; 21.TH.Thái:329; 21.TH.Thái:361; 21.TH.Thái:408; 21.TH.Thái:411; 21.TH.Thái:465; 21.TH.Thái:516; 21.TH.Thái:547; 21.TH.Thái:555; 21.TH.Thái:575; 21.TH.Thái:580; 21.TH.Thái:609; 21.TH.Thái:616; 21.TH.Thái:630; 21.TH.Thái:650; 21.TH.Thái:705; 21.TH.Thái:725; 21.TH.Thái:727; 27.ĐÁ YEJIN:5; 27.ĐÁ YEJIN:6; 27.ĐÁ YEJIN:7; 27.ĐÁ YEJIN:8; 27.ĐÁ YEJIN:9; 27.ĐÁ YEJIN:10; 27.ĐÁ YEJIN:11; 27.ĐÁ YEJIN:12; 27.ĐÁ YEJIN:13; 27.ĐÁ YEJIN:14; 27.ĐÁ YEJIN:15; 27.ĐÁ YEJIN:16; 27.ĐÁ YEJIN:17; 27.ĐÁ YEJIN:18; 27.ĐÁ YEJIN:19; 27.ĐÁ YEJIN:20; 27.ĐÁ YEJIN:21; 27.ĐÁ YEJIN:22; 27.ĐÁ YEJIN:23; 27.ĐÁ YEJIN:24; 27.ĐÁ YEJIN:25; 27.ĐÁ YEJIN:26; 27.ĐÁ YEJIN:27; 27.ĐÁ YEJIN:28; 27.ĐÁ YEJIN:29; 27.ĐÁ YEJIN:30; 27.ĐÁ YEJIN:31; 27.ĐÁ YEJIN:32; 27.ĐÁ YEJIN:33; 27.ĐÁ YEJIN:34; 27.ĐÁ YEJIN:35; 27.ĐÁ YEJIN:36; 27.ĐÁ YEJIN:37; 27.ĐÁ YEJIN:38; 27.ĐÁ YEJIN:39; 27.ĐÁ YEJIN:40; 27.ĐÁ YEJIN:41; 27.ĐÁ YEJIN:42; 27.ĐÁ YEJIN:43; 27.ĐÁ YEJIN:44; 27.ĐÁ YEJIN:45; 27.ĐÁ YEJIN:46; 27.ĐÁ YEJIN:47; 27.ĐÁ YEJIN:48; 27.ĐÁ YEJIN:49; 27.ĐÁ YEJIN:50; 27.ĐÁ YEJIN:51; 27.ĐÁ YEJIN:52; 27.ĐÁ YEJIN:53; 27.ĐÁ YEJIN:54; 27.ĐÁ YEJIN:55; 27.ĐÁ YEJIN:56; 27.ĐÁ YEJIN:57; 27.ĐÁ YEJIN:58; 27.ĐÁ YEJIN:59; 27.ĐÁ YEJIN:60; 27.ĐÁ YEJIN:61; 27.ĐÁ YEJIN:62; 27.ĐÁ YEJIN:63; 27.ĐÁ YEJIN:64; 27.ĐÁ YEJIN:65; 27.ĐÁ YEJIN:66; 27.ĐÁ YEJIN:67; 27.ĐÁ YEJIN:68; 27.ĐÁ YEJIN:69; 27.ĐÁ YEJIN:70; 27.ĐÁ YEJIN:71; 27.ĐÁ YEJIN:72; 27.ĐÁ YEJIN:73; 27.ĐÁ YEJIN:74; 27.ĐÁ YEJIN:75; 27.ĐÁ YEJIN:76; 27.ĐÁ YEJIN:77; 27.ĐÁ YEJIN:78; 27.ĐÁ YEJIN:79; 27.ĐÁ YEJIN:80; 27.ĐÁ YEJIN:81; 27.ĐÁ YEJIN:82; 27.ĐÁ YEJIN:83; 27.ĐÁ YEJIN:84; 27.ĐÁ YEJIN:85; 27.ĐÁ YEJIN:86; 27.ĐÁ YEJIN:87; 27.ĐÁ YEJIN:88; 27.ĐÁ YEJIN:89; 27.ĐÁ YEJIN:90; 27.ĐÁ YEJIN:91; 27.ĐÁ YEJIN:92; 27.ĐÁ YEJIN:93; 27.ĐÁ YEJIN:94; 27.ĐÁ YEJIN:95; 27.ĐÁ YEJIN:96; 27.ĐÁ YEJIN:97; 27.ĐÁ YEJIN:98; 27.ĐÁ YEJIN:99; 27.ĐÁ YEJIN:100; 27.ĐÁ YEJIN:101; 27.ĐÁ YEJIN:102; 27.ĐÁ YEJIN:103; 27.ĐÁ YEJIN:104; 27.ĐÁ YEJIN:105; 27.ĐÁ YEJIN:106; 27.ĐÁ YEJIN:107; 27.ĐÁ YEJIN:108; 27.ĐÁ YEJIN:109; 27.ĐÁ YEJIN:110; 27.ĐÁ YEJIN:111; 27.ĐÁ YEJIN:112; 27.ĐÁ YEJIN:113; 27.ĐÁ YEJIN:114; 27.ĐÁ YEJIN:115; 27.ĐÁ YEJIN:116; 27.ĐÁ YEJIN:117; 27.ĐÁ YEJIN:118; 27.ĐÁ YEJIN:119; 27.ĐÁ YEJIN:120; 27.ĐÁ YEJIN:121; 27.ĐÁ YEJIN:122; 27.ĐÁ YEJIN:123; 27.ĐÁ YEJIN:124; 27.ĐÁ YEJIN:125; 27.ĐÁ YEJIN:126; 27.ĐÁ YEJIN:127; 27.ĐÁ YEJIN:128; 27.ĐÁ YEJIN:129; 27.ĐÁ YEJIN:130; 27.ĐÁ YEJIN:131; 27.ĐÁ YEJIN:132; 27.ĐÁ YEJIN:133; 27.ĐÁ YEJIN:134; 27.ĐÁ YEJIN:135; 27.ĐÁ YEJIN:136; 27.ĐÁ YEJIN:137; 27.ĐÁ YEJIN:138; 27.ĐÁ YEJIN:139; 27.ĐÁ YEJIN:140; 27.ĐÁ YEJIN:141; 27.ĐÁ YEJIN:142; 27.ĐÁ YEJIN:143; 27.ĐÁ YEJIN:144; 27.ĐÁ YEJIN:145; 27.ĐÁ YEJIN:146; 27.ĐÁ YEJIN:147; 27.ĐÁ YEJIN:148; 27.ĐÁ YEJIN:149; 27.ĐÁ YEJIN:150; 27.ĐÁ YEJIN:151; 27.ĐÁ YEJIN:152; 27.ĐÁ YEJIN:153; 27.ĐÁ YEJIN:154; 27.ĐÁ YEJIN:155; 27.ĐÁ YEJIN:156; 27.ĐÁ YEJIN:157; 27.ĐÁ YEJIN:158; 27.ĐÁ YEJIN:159; 27.ĐÁ YEJIN:160; 27.ĐÁ YEJIN:161; 27.ĐÁ YEJIN:162; 27.ĐÁ YEJIN:163; 27.ĐÁ YEJIN:164; 27.ĐÁ YEJIN:165; 27.ĐÁ YEJIN:166; 27.ĐÁ YEJIN:167; 27.ĐÁ YEJIN:168; 27.ĐÁ YEJIN:169; 27.ĐÁ YEJIN:170; 27.ĐÁ YEJIN:171; 27.ĐÁ YEJIN:172; 27.ĐÁ YEJIN:173; 27.ĐÁ YEJIN:174; 27.ĐÁ YEJIN:175; 27.ĐÁ YEJIN:176; 27.ĐÁ YEJIN:177; 27.ĐÁ YEJIN:178; 27.ĐÁ YEJIN:179; 27.ĐÁ YEJIN:180; 27.ĐÁ YEJIN:181; 27.ĐÁ YEJIN:182; 27.ĐÁ YEJIN:183; 27.ĐÁ YEJIN:184; 27.ĐÁ YEJIN:185; 27.ĐÁ YEJIN:186; 27.ĐÁ YEJIN:187; 27.ĐÁ YEJIN:188; 27.ĐÁ YEJIN:189; 27.ĐÁ YEJIN:190; 27.ĐÁ YEJIN:191; 27.ĐÁ YEJIN:192; 27.ĐÁ YEJIN:193; 27.ĐÁ YEJIN:194; 27.ĐÁ YEJIN:195; 27.ĐÁ YEJIN:196; 27.ĐÁ YEJIN:197; 27.ĐÁ YEJIN:198; 27.ĐÁ YEJIN:199; 27.ĐÁ YEJIN:200; 27.ĐÁ YEJIN:201; 27.ĐÁ YEJIN:202; 27.ĐÁ YEJIN:203; 27.ĐÁ YEJIN:204; 27.ĐÁ YEJIN:205; 27.ĐÁ YEJIN:206; 27.ĐÁ YEJIN:207; 27.ĐÁ YEJIN:208; 27.ĐÁ YEJIN:209; 27.ĐÁ YEJIN:210; 27.ĐÁ YEJIN:211; 27.ĐÁ YEJIN:212; 27.ĐÁ YEJIN:213"
"C71646A7A810CBDC32F456A55B070829A3527D2CDD87D7D3FC8472A82D5DC949","UNIT_UNKNOWN","Unit","bì","bì","bì","12","","No allowed unit alias or package rule currently resolves this value; explicit unit/package review is required.","none","True","pending","","21.TH.Thái:113; 21.TH.Thái:117; 21.TH.Thái:122; 21.TH.Thái:124; 21.TH.Thái:150; 21.TH.Thái:166; 21.TH.Thái:186; 21.TH.Thái:194; 21.TH.Thái:224; 21.TH.Thái:225; 21.TH.Thái:235; 21.TH.Thái:327"
"E61463738BDA816CD4F7D1D0547AF7E30C525C9E1C5E49687CD9D10387A5E4A4","UNIT_UNKNOWN","Unit","Bịch (10 cái)","Bịch (10 cái)","Bịch (10 cái)","4","","No allowed unit alias or package rule currently resolves this value; explicit unit/package review is required.","none","True","pending","","3.T.Hóa:6; 3.T.Hóa:16; 3.T.Hóa:21; 3.T.Hóa:34"
"B26BC75AA5FA4D23858B480EDD5EBC4BD334FF2A40C2DAA24AC636E9956C2439","UNIT_UNKNOWN","Unit","bình","bình","bình","1","","No allowed unit alias or package rule currently resolves this value; explicit unit/package review is required.","none","True","pending","","21.TH.Thái:200"
"4B79BCCC0E49E97B19C81ACE895A95E2B539A4A6B0B9F84E6C317E4F7ED35E84","UNIT_UNKNOWN","Unit","bó","bó","bó","36","","No allowed unit alias or package rule currently resolves this value; explicit unit/package review is required.","none","True","pending","","1.Rau:3479; 1.Rau:3619; 1.Rau:3626; 1.Rau:3818; 1.Rau:4294; 1.Rau:6177; 1.Rau:6429; 1.Rau:6844; 1.Rau:7119; 1.Rau:7500; 1.Rau:8562; 1.Rau:8815; 1.Rau:9050; 1.Rau:9134; 1.Rau:9295; 1.Rau:9337; 1.Rau:9368; 1.Rau:10383; 1.Rau:10423; 1.Rau:10506; 1.Rau:10611; 1.Rau:10737; 1.Rau:10748; 1.Rau:10863; 1.Rau:10946; 1.Rau:10968; 1.Rau:11250; 1.Rau:11296; 1.Rau:11320; 1.Rau:11328; 1.Rau:11361; 1.Rau:11407; 1.Rau:11453; 1.Rau:11544; 1.Rau:11624; 21.TH.Thái:487"
"DA0A519BA9D419C18C013D021F2B3091DF35797CB3DDBE0AA9E829AF183EC70C","UNIT_UNKNOWN","Unit","bộ","bộ","bộ","20","","No allowed unit alias or package rule currently resolves this value; explicit unit/package review is required.","none","True","pending","","21.TH.Thái:145; 21.TH.Thái:216; 21.TH.Thái:218; 21.TH.Thái:366; 21.TH.Thái:406; 21.TH.Thái:436; 21.TH.Thái:482; 21.TH.Thái:483; 21.TH.Thái:508; 21.TH.Thái:553; 21.TH.Thái:585; 21.TH.Thái:591; 21.TH.Thái:631; 21.TH.Thái:667; 21.TH.Thái:711; 21.TH.Thái:718; 23. Vịt:52; 23. Vịt:70; 23. Vịt:91; 3.T.Hóa:63"
"0236A5F5688DC7669384AB1115B6EF11309EFDB18C9D6AE8F93289E720DB471E","UNIT_UNKNOWN","Unit","Can","Can","Can","92","","No allowed unit alias or package rule currently resolves this value; explicit unit/package review is required.","none","True","pending","","2.G.Vi:13; 2.G.Vi:30; 2.G.Vi:61; 2.G.Vi:67; 2.G.Vi:89; 2.G.Vi:90; 2.G.Vi:102; 2.G.Vi:125; 2.G.Vi:131; 2.G.Vi:132; 2.G.Vi:137; 2.G.Vi:153; 2.G.Vi:162; 2.G.Vi:169; 2.G.Vi:178; 2.G.Vi:209; 2.G.Vi:220; 2.G.Vi:221; 2.G.Vi:232; 2.G.Vi:248; 2.G.Vi:255; 2.G.Vi:282; 2.G.Vi:289; 2.G.Vi:296; 2.G.Vi:308; 2.G.Vi:309; 2.G.Vi:320; 2.G.Vi:326; 2.G.Vi:336; 2.G.Vi:340; 2.G.Vi:348; 2.G.Vi:352; 2.G.Vi:368; 2.G.Vi:371; 2.G.Vi:377; 2.G.Vi:397; 2.G.Vi:406; 2.G.Vi:410; 2.G.Vi:418; 2.G.Vi:435; 2.G.Vi:446; 2.G.Vi:448; 2.G.Vi:479; 2.G.Vi:483; 2.G.Vi:487; 2.G.Vi:506; 2.G.Vi:520; 2.G.Vi:527; 2.G.Vi:539; 2.G.Vi:549; 2.G.Vi:564; 2.G.Vi:589; 2.G.Vi:603; 2.G.Vi:612; 2.G.Vi:623; 2.G.Vi:634; 2.G.Vi:639; 2.G.Vi:660; 2.G.Vi:677; 2.G.Vi:686; 2.G.Vi:698; 2.G.Vi:724; 2.G.Vi:728; 2.G.Vi:760; 2.G.Vi:766; 2.G.Vi:778; 2.G.Vi:799; 2.G.Vi:802; 2.G.Vi:818; 2.G.Vi:838; 2.G.Vi:845; 2.G.Vi:865; 2.G.Vi:869; 2.G.Vi:880; 2.G.Vi:898; 2.G.Vi:901; 2.G.Vi:926; 2.G.Vi:936; 2.G.Vi:946; 2.G.Vi:971; 2.G.Vi:978; 2.G.Vi:979; 2.G.Vi:980; 2.G.Vi:1001; 2.G.Vi:1010; 2.G.Vi:1035; 2.G.Vi:1063; 2.G.Vi:1070; 2.G.Vi:1097; 21.TH.Thái:639; 3.T.Hóa:195; 3.T.Hóa:218"
"1BC4C8D13365D25CFF029C4416889CFB0DD0959B25FA3209C0C9878CC7888C86","UNIT_UNKNOWN","Unit","Cặp","Cặp","Cặp","4","","No allowed unit alias or package rule currently resolves this value; explicit unit/package review is required.","none","True","pending","","21.TH.Thái:19; 21.TH.Thái:111; 21.TH.Thái:337; 21.TH.Thái:627"
"D462DF036C87C3D5797F0554A8A234A54F9275897DEE07381F87BC8B3C6C9DE2","UNIT_UNKNOWN","Unit","Chiếc","Chiếc","Chiếc","1","","No allowed unit alias or package rule currently resolves this value; explicit unit/package review is required.","none","True","pending","","3.T.Hóa:86"
"1082D03DE7616D759228EB64443FA0ABD36E86B3DDABD43119F864370C88C65B","UNIT_UNKNOWN","Unit","con","con","con","2","","No allowed unit alias or package rule currently resolves this value; explicit unit/package review is required.","none","True","pending","","23. Vịt:99; 23. Vịt:100"
"96E2DD24BCC9324203147FF4E04578FADA547A918656E4B12313E9E8119E4FE4","UNIT_UNKNOWN","Unit","Cục","Cục","Cục","7","","No allowed unit alias or package rule currently resolves this value; explicit unit/package review is required.","none","True","pending","","1.Rau:1070; 1.Rau:2537; 1.Rau:2575; 1.Rau:3289; 1.Rau:9903; 21.TH.Thái:299; 21.TH.Thái:315"
"EEB2ED2EA7BF313011E781EA7DE5A368BAE8BFC053DF0D7CF2B50EFD01DD62DB","UNIT_UNKNOWN","Unit","đôi","đôi","đôi","10","","No allowed unit alias or package rule currently resolves this value; explicit unit/package review is required.","none","True","pending","","21.TH.Thái:542; 3.T.Hóa:38; 3.T.Hóa:39; 3.T.Hóa:103; 3.T.Hóa:120; 3.T.Hóa:130; 3.T.Hóa:149; 3.T.Hóa:192; 3.T.Hóa:245; 3.T.Hóa:402"
"C7B62486F3B99B13E5117BC6AEB038943A150FD9130C52E1F42AC7D847C25E97","UNIT_UNKNOWN","Unit","g","g","g","3","","No allowed unit alias or package rule currently resolves this value; explicit unit/package review is required.","none","True","pending","","1.Rau:7638; 1.Rau:8209; 1.Rau:8952"
"6A3611A4B09B74810E45945AA521D6B5A9B9D30080EAD5EC6C23A2E0506DA6FA","UNIT_UNKNOWN","Unit","k","k","k","2","","No allowed unit alias or package rule currently resolves this value; explicit unit/package review is required.","none","True","pending","","2.G.Vi:714; 2.G.Vi:763"
"A71D28D0C730F1F704DF7E3E4F07FFA40A09EE22FF739E7608B1FB6C3CB43C6D","UNIT_UNKNOWN","Unit","lát nhỏ","lát nhỏ","lát nhỏ","1","","No allowed unit alias or package rule currently resolves this value; explicit unit/package review is required.","none","True","pending","","9.Chay:791"
"0334742F232F5225F2FA6D9CD6EB5C1EA6843EC5695321E33DA09E3E3112CCCB","UNIT_UNKNOWN","Unit","Lẻ","Lẻ","Lẻ","1","","No allowed unit alias or package rule currently resolves this value; explicit unit/package review is required.","none","True","pending","","21.TH.Thái:22"
"D0D2B2DDB8B1B6E47320B526630343C7717A99F6AAFA2E5873E122D13E5E60EB","UNIT_UNKNOWN","Unit","Lít","Lít","Lít","1","","No allowed unit alias or package rule currently resolves this value; explicit unit/package review is required.","none","True","pending","","2.G.Vi:14"
"76AE8BCFC353C8D6BAEEE494674B176D27A682BACB7B6230A237FD056791CE1A","UNIT_UNKNOWN","Unit","Lon","Lon","Lon","8","","No allowed unit alias or package rule currently resolves this value; explicit unit/package review is required.","none","True","pending","","21.TH.Thái:36; 21.TH.Thái:43; 21.TH.Thái:449; 21.TH.Thái:524; 21.TH.Thái:564; 21.TH.Thái:665; 3.T.Hóa:124; 3.T.Hóa:256"
"EEABC774851A384C263C31D4D51261C9C36B0B4A53013E48A939BF566F9070CA","UNIT_UNKNOWN","Unit","Phần","Phần","Phần","110","","No allowed unit alias or package rule currently resolves this value; explicit unit/package review is required.","none","True","pending","","3.T.Hóa:4; 3.T.Hóa:7; 3.T.Hóa:10; 3.T.Hóa:12; 3.T.Hóa:13; 3.T.Hóa:18; 3.T.Hóa:20; 3.T.Hóa:23; 3.T.Hóa:24; 3.T.Hóa:27; 3.T.Hóa:30; 3.T.Hóa:32; 3.T.Hóa:33; 3.T.Hóa:36; 3.T.Hóa:42; 3.T.Hóa:43; 3.T.Hóa:44; 3.T.Hóa:47; 3.T.Hóa:48; 3.T.Hóa:49; 3.T.Hóa:53; 3.T.Hóa:56; 3.T.Hóa:57; 3.T.Hóa:61; 3.T.Hóa:62; 3.T.Hóa:64; 3.T.Hóa:66; 3.T.Hóa:67; 3.T.Hóa:68; 3.T.Hóa:70; 3.T.Hóa:72; 3.T.Hóa:74; 3.T.Hóa:75; 3.T.Hóa:76; 3.T.Hóa:77; 3.T.Hóa:80; 3.T.Hóa:82; 3.T.Hóa:84; 3.T.Hóa:85; 3.T.Hóa:87; 3.T.Hóa:89; 3.T.Hóa:91; 3.T.Hóa:93; 3.T.Hóa:95; 3.T.Hóa:96; 3.T.Hóa:140; 3.T.Hóa:146; 3.T.Hóa:156; 3.T.Hóa:159; 3.T.Hóa:162; 3.T.Hóa:165; 3.T.Hóa:170; 3.T.Hóa:177; 3.T.Hóa:183; 3.T.Hóa:188; 3.T.Hóa:201; 3.T.Hóa:207; 3.T.Hóa:216; 3.T.Hóa:217; 3.T.Hóa:219; 3.T.Hóa:224; 3.T.Hóa:225; 3.T.Hóa:226; 3.T.Hóa:230; 3.T.Hóa:231; 3.T.Hóa:235; 3.T.Hóa:236; 3.T.Hóa:237; 3.T.Hóa:302; 3.T.Hóa:303; 3.T.Hóa:308; 3.T.Hóa:314; 3.T.Hóa:318; 3.T.Hóa:321; 3.T.Hóa:325; 3.T.Hóa:330; 3.T.Hóa:334; 3.T.Hóa:337; 3.T.Hóa:339; 3.T.Hóa:346; 3.T.Hóa:348; 3.T.Hóa:353; 3.T.Hóa:354; 3.T.Hóa:357; 3.T.Hóa:359; 3.T.Hóa:361; 3.T.Hóa:363; 3.T.Hóa:364; 3.T.Hóa:368; 3.T.Hóa:371; 3.T.Hóa:373; 3.T.Hóa:377; 3.T.Hóa:390; 3.T.Hóa:394; 3.T.Hóa:397; 3.T.Hóa:398; 3.T.Hóa:405; 3.T.Hóa:413; 3.T.Hóa:416; 3.T.Hóa:422; 3.T.Hóa:425; 3.T.Hóa:429; 3.T.Hóa:433; 3.T.Hóa:441; 3.T.Hóa:444; 3.T.Hóa:449; 3.T.Hóa:453; 3.T.Hóa:456; 3.T.Hóa:461; 3.T.Hóa:465"
"12AFDE3975D61ABF06E75DA726EA32AFD02297E6DAD8E6E02DEA8487B08FAB3E","UNIT_UNKNOWN","Unit","Trái","Trái","Trái","110","","No allowed unit alias or package rule currently resolves this value; explicit unit/package review is required.","none","True","pending","","1.Rau:2707; 1.Rau:2834; 1.Rau:3066; 1.Rau:3229; 1.Rau:3232; 1.Rau:3421; 1.Rau:3563; 1.Rau:3583; 1.Rau:3661; 1.Rau:3776; 1.Rau:3823; 1.Rau:3915; 1.Rau:4109; 1.Rau:4119; 1.Rau:4185; 1.Rau:4281; 1.Rau:4308; 1.Rau:4488; 1.Rau:4525; 1.Rau:4586; 1.Rau:4623; 1.Rau:4706; 1.Rau:4716; 1.Rau:4750; 1.Rau:4836; 1.Rau:4889; 1.Rau:4963; 1.Rau:5012; 1.Rau:5046; 1.Rau:5071; 1.Rau:5095; 1.Rau:5117; 1.Rau:5171; 1.Rau:5202; 1.Rau:5326; 1.Rau:5352; 1.Rau:5363; 1.Rau:5438; 1.Rau:5467; 1.Rau:5579; 1.Rau:5704; 1.Rau:5768; 1.Rau:5853; 1.Rau:5889; 1.Rau:5927; 1.Rau:6054; 1.Rau:6159; 1.Rau:6175; 1.Rau:6225; 1.Rau:6315; 1.Rau:6366; 1.Rau:6459; 1.Rau:6515; 1.Rau:6649; 1.Rau:6801; 1.Rau:6953; 1.Rau:6966; 1.Rau:7007; 1.Rau:7035; 1.Rau:7111; 1.Rau:7163; 1.Rau:7207; 1.Rau:7368; 1.Rau:7405; 1.Rau:7620; 1.Rau:7664; 1.Rau:7710; 1.Rau:7910; 1.Rau:8182; 1.Rau:8200; 1.Rau:8234; 1.Rau:8304; 1.Rau:8428; 1.Rau:8470; 1.Rau:8493; 1.Rau:8613; 1.Rau:8740; 1.Rau:8813; 1.Rau:8823; 1.Rau:8964; 1.Rau:9046; 1.Rau:9087; 1.Rau:9287; 1.Rau:9292; 1.Rau:9335; 1.Rau:9563; 1.Rau:9605; 1.Rau:9770; 1.Rau:9773; 1.Rau:9810; 1.Rau:10221; 1.Rau:10270; 1.Rau:10333; 1.Rau:10385; 1.Rau:10419; 1.Rau:10468; 1.Rau:10507; 1.Rau:10582; 1.Rau:10706; 1.Rau:10747; 1.Rau:10834; 1.Rau:11047; 1.Rau:11140; 1.Rau:11219; 1.Rau:11253; 1.Rau:11330; 1.Rau:11424; 1.Rau:11475; 1.Rau:11486; 1.Rau:11604"
"B45E250A43F1EACC14ABA42EADEBC87AC485C48F7D436CA43B4DD2BF10C7F789","UNIT_UNKNOWN","Unit","vỉ","vỉ","vỉ","3","","No allowed unit alias or package rule currently resolves this value; explicit unit/package review is required.","none","True","pending","","1.Rau:9826; 21.TH.Thái:379; 3.T.Hóa:404"
"F6397B7657DF5A3CA707B874BABB7E74DE70D3B4A94985955C7E3C0DBF4AE927","UNIT_UNKNOWN","Unit","viên","viên","viên","41","","No allowed unit alias or package rule currently resolves this value; explicit unit/package review is required.","none","True","pending","","21.TH.Thái:112; 9.Chay:393; 9.Chay:424; 9.Chay:543; 9.Chay:556; 9.Chay:610; 9.Chay:614; 9.Chay:631; 9.Chay:633; 9.Chay:637; 9.Chay:640; 9.Chay:643; 9.Chay:644; 9.Chay:651; 9.Chay:658; 9.Chay:669; 9.Chay:671; 9.Chay:676; 9.Chay:677; 9.Chay:680; 9.Chay:691; 9.Chay:693; 9.Chay:695; 9.Chay:699; 9.Chay:709; 9.Chay:713; 9.Chay:729; 9.Chay:745; 9.Chay:749; 9.Chay:753; 9.Chay:768; 9.Chay:771; 9.Chay:831; 9.Chay:852; 9.Chay:982; 9.Chay:1081; 9.Chay:1154; 9.Chay:1166; 9.Chay:1212; 9.Chay:1269; 9.Chay:1274"
"8C5FE22EA1C0CF2D97F9C443683AEEC999ECDD1D201DCBB27973E3C0081E1111","UNIT_UNKNOWN","Unit","vit","vit","vit","1","","No allowed unit alias or package rule currently resolves this value; explicit unit/package review is required.","none","True","pending","","3.T.Hóa:150"
"499507E8612157AD16E869674F4AE8493FD4C08EBB4914AF864A7782B9E98C0C","UNIT_UNKNOWN","Unit","Xấp","Xấp","Xấp","11","","No allowed unit alias or package rule currently resolves this value; explicit unit/package review is required.","none","True","pending","","21.TH.Thái:4; 21.TH.Thái:8; 21.TH.Thái:13; 21.TH.Thái:15; 21.TH.Thái:16; 21.TH.Thái:18; 21.TH.Thái:21; 21.TH.Thái:25; 21.TH.Thái:27; 21.TH.Thái:29; 21.TH.Thái:30"
